{
  "configVersion": 1,
  "timestamp": 1758884486891,
  "index": "/index.html",
  "assetGroups": [
    {
      "name": "app",
      "installMode": "prefetch",
      "updateMode": "prefetch",
      "cacheQueryOptions": {
        "ignoreVary": true
      },
      "urls": [
        "/293.6a38fb9b780f5917.js",
        "/489.79358cb14da42a8a.js",
        "/678.ce140b577a7c34ef.js",
        "/favicon.ico",
        "/index.html",
        "/main.477bf2fadf254767.js",
        "/manifest.webmanifest",
        "/polyfills.1b90408a01823f31.js",
        "/runtime.1d30ea060b15c605.js",
        "/scripts.46c82a0ef1bb845b.js",
        "/styles.cffc5d1efaa198e9.css"
      ],
      "patterns": []
    },
    {
      "name": "assets",
      "installMode": "lazy",
      "updateMode": "prefetch",
      "cacheQueryOptions": {
        "ignoreVary": true
      },
      "urls": [
        "/Layer 93.bfdbd36baa33f360.svg",
        "/assets/css/bootstrap.min.css",
        "/assets/css/print-custome.css",
        "/assets/icons/excel.jpg",
        "/assets/icons/icon-128x128.png",
        "/assets/icons/icon-144x144.png",
        "/assets/icons/icon-152x152.png",
        "/assets/icons/icon-192x192.png",
        "/assets/icons/icon-384x384.png",
        "/assets/icons/icon-512x512.png",
        "/assets/icons/icon-72x72.png",
        "/assets/icons/icon-96x96.png",
        "/assets/icons/icons - Shortcut.lnk",
        "/assets/icons/icons8-excel_white.svg",
        "/assets/icons/maximize.svg",
        "/assets/icons/minimize.svg",
        "/assets/icons/pdf-icon.png",
        "/assets/icons/sort-down.png",
        "/assets/icons/sort-up.png",
        "/assets/images/16.svg",
        "/assets/images/Add.png",
        "/assets/images/Add_Breeder.svg",
        "/assets/images/Allocation_of_Breeder.svg",
        "/assets/images/BSP Proformas 1.svg",
        "/assets/images/Drafts.svg",
        "/assets/images/Framedropdown.png",
        "/assets/images/Group 1077.svg",
        "/assets/images/Group 1078.png",
        "/assets/images/Group 1078@2x.png",
        "/assets/images/Group 1111.svg",
        "/assets/images/Group 1120.png",
        "/assets/images/Group 11201.png",
        "/assets/images/Group 1120@2x.png",
        "/assets/images/Group 1160.svg",
        "/assets/images/Layer 93.svg",
        "/assets/images/Path 222.png",
        "/assets/images/Path 222@2x.png",
        "/assets/images/Path 229.svg",
        "/assets/images/Path 267.svg",
        "/assets/images/Reports.svg",
        "/assets/images/Vector.svg",
        "/assets/images/Vector_delete.svg",
        "/assets/images/add_breeder_crop.svg",
        "/assets/images/add_breeder_group.svg",
        "/assets/images/add_indentor.svg",
        "/assets/images/arrow.svg",
        "/assets/images/bar-code.png",
        "/assets/images/bell.svg",
        "/assets/images/bell_orange.svg",
        "/assets/images/boxes_1.svg",
        "/assets/images/breederheading.svg",
        "/assets/images/calendar.svg",
        "/assets/images/calendar2.svg",
        "/assets/images/card-divider.png",
        "/assets/images/certificat.png",
        "/assets/images/character.svg",
        "/assets/images/coffee-bean (1).svg",
        "/assets/images/conference.svg",
        "/assets/images/correct.png",
        "/assets/images/crop.svg",
        "/assets/images/cropCard.svg",
        "/assets/images/delete.png",
        "/assets/images/delete.svg",
        "/assets/images/download.jpg",
        "/assets/images/download.png",
        "/assets/images/draft (1).svg",
        "/assets/images/draft.svg",
        "/assets/images/edit.svg",
        "/assets/images/farmer (2).png",
        "/assets/images/farmer (2)@2x.png",
        "/assets/images/favicon.png",
        "/assets/images/harghar-tiranga-logo.png",
        "/assets/images/harghar-tiranga-logo@2x.png",
        "/assets/images/harvest.svg",
        "/assets/images/harvest_one.svg",
        "/assets/images/harvest_orange.svg",
        "/assets/images/identer_Submission_of_Indenter.svg",
        "/assets/images/image_icon.png",
        "/assets/images/inactive.png",
        "/assets/images/indent_2.svg",
        "/assets/images/indent_dashboard.svg",
        "/assets/images/indent_orange.svg",
        "/assets/images/indent_white.svg",
        "/assets/images/indentor_production.svg",
        "/assets/images/indian-gov-logo-2x.png",
        "/assets/images/indian-gov-logo.png",
        "/assets/images/invoice_logo.png",
        "/assets/images/laoder.transparent.gif",
        "/assets/images/latitude.png",
        "/assets/images/layer1.svg",
        "/assets/images/layer1_production_dashboard_white.svg",
        "/assets/images/layer1_white.svg",
        "/assets/images/layer_production.svg",
        "/assets/images/layer_production_white.svg",
        "/assets/images/left-icar-logo.png",
        "/assets/images/list.svg",
        "/assets/images/loader.gif",
        "/assets/images/loader1024.gif",
        "/assets/images/loader200.gif",
        "/assets/images/logo-here.png",
        "/assets/images/longitude.png",
        "/assets/images/main-logo-2x.png",
        "/assets/images/main-logo.png",
        "/assets/images/menu.svg",
        "/assets/images/microscope.svg",
        "/assets/images/no_logo.png",
        "/assets/images/pdf.png",
        "/assets/images/qr.png",
        "/assets/images/report.svg",
        "/assets/images/seed-bag.svg",
        "/assets/images/seed_division.svg",
        "/assets/images/seed_multi_ratio.svg",
        "/assets/images/seeding-one.svg",
        "/assets/images/seeding.svg",
        "/assets/images/seeding_dashboard.svg",
        "/assets/images/seeding_white.svg",
        "/assets/images/size_one.svg",
        "/assets/images/sunflower-seed.svg",
        "/assets/images/tag.svg",
        "/assets/images/user(1).svg",
        "/assets/images/user.png",
        "/assets/images/view.svg",
        "/assets/images/wash.svg",
        "/assets/images/wash_red.svg",
        "/assets/images/wash_white.svg",
        "/assets/js/JSPrintManager.js",
        "/assets/js/bootstrap.min.js",
        "/assets/js/jquery.min.js",
        "/assets/params/css/fonts.googleapis.css",
        "/assets/params/css/fonts.googleapis.min.css",
        "/assets/params/images/channels/cinemax.jpg",
        "/assets/params/images/channels/cw.jpg",
        "/assets/params/images/channels/discovery-channel.jpg",
        "/assets/params/images/channels/disney-channel.jpg",
        "/assets/params/images/channels/fox.jpg",
        "/assets/params/images/channels/hbo.jpg",
        "/assets/params/images/channels/history.jpg",
        "/assets/params/images/channels/hulu.jpg",
        "/assets/params/images/channels/mtv.jpg",
        "/assets/params/images/channels/nbc.jpg",
        "/assets/params/images/channels/netflix.jpg",
        "/assets/params/images/channels/showtime.jpg",
        "/assets/params/images/channels/usa-network.jpg",
        "/assets/params/images/logo/ganatan-logo.png",
        "/assets/params/images/logo/ganatan-logo@2x.png",
        "/assets/params/js/popovers.js",
        "/assets/params/js/toasts.js",
        "/assets/params/js/tooltips.js",
        "/calendar.b98b9a9a5eab25b1.svg",
        "/fa-brands-400.86c7e1fa6eef39e5.woff2",
        "/fa-brands-400.f5defc2e23074ea1.ttf",
        "/fa-regular-400.3edb900415298558.ttf",
        "/fa-regular-400.e05509127408c2d4.woff2",
        "/fa-solid-900.64d5644d62aa832c.woff2",
        "/fa-solid-900.f418d876aec0af1a.ttf",
        "/fa-v4compatibility.7e7e1dad5cb38179.ttf",
        "/fa-v4compatibility.9765b558c4e8fd6e.woff2"
      ],
      "patterns": []
    }
  ],
  "dataGroups": [],
  "hashTable": {
    "/293.6a38fb9b780f5917.js": "599627a4e1ed8428055a00f68b8fcf7a108c2c25",
    "/489.79358cb14da42a8a.js": "b48be7265f29fdb3869cb58ad61387f3b37b561c",
    "/678.ce140b577a7c34ef.js": "5bdd87da3077785e24408a0ba248ac621aef6f31",
    "/Layer 93.bfdbd36baa33f360.svg": "072b94df06b7e1bd18c1ee3169d9c499c12c5a1f",
    "/assets/css/bootstrap.min.css": "8dd5f6145b7cbbfa32f2e0323f865158fda7d843",
    "/assets/css/print-custome.css": "2edba516f362f5bc4cfa198076d6075f04745549",
    "/assets/icons/excel.jpg": "76609fe06401a739b250e06d7ebabbe001b3a13e",
    "/assets/icons/icon-128x128.png": "dae3b6ed49bdaf4327b92531d4b5b4a5d30c7532",
    "/assets/icons/icon-144x144.png": "b0bd89982e08f9bd2b642928f5391915b74799a7",
    "/assets/icons/icon-152x152.png": "7479a9477815dfd9668d60f8b3b2fba709b91310",
    "/assets/icons/icon-192x192.png": "1abd80d431a237a853ce38147d8c63752f10933b",
    "/assets/icons/icon-384x384.png": "329749cd6393768d3131ed6304c136b1ca05f2fd",
    "/assets/icons/icon-512x512.png": "559d9c4318b45a1f2b10596bbb4c960fe521dbcc",
    "/assets/icons/icon-72x72.png": "c457e56089a36952cd67156f9996bc4ce54a5ed9",
    "/assets/icons/icon-96x96.png": "3914125a4b445bf111c5627875fc190f560daa41",
    "/assets/icons/icons - Shortcut.lnk": "13049503fe5977ec595e7cecab00744fb0c434bd",
    "/assets/icons/icons8-excel_white.svg": "9a951441d555e0c8d3fe4407627df7072e78fb67",
    "/assets/icons/maximize.svg": "f3089d47122a8bce1796c90518d204385e848d6f",
    "/assets/icons/minimize.svg": "6fb003e0196157047451bb3fb7c9bbecdec64f25",
    "/assets/icons/pdf-icon.png": "8cc907bab5e24d56fc80296516ed4434427ea03e",
    "/assets/icons/sort-down.png": "a40f58a42be86d812ba9f2f17723840ae4942727",
    "/assets/icons/sort-up.png": "7cf0fd24b541b8d1668ab1ae52051e1cbc1373e1",
    "/assets/images/16.svg": "752792222064004342d542a6818a92bb271139fe",
    "/assets/images/Add.png": "fb3b1016bdd565d1793bc4ef9c6d0f012366218b",
    "/assets/images/Add_Breeder.svg": "595dd918b92ecb7e5101f91edec73866ca0aa299",
    "/assets/images/Allocation_of_Breeder.svg": "54d7c96b33036555530d8ba5533b04831503fe5c",
    "/assets/images/BSP Proformas 1.svg": "f80f23a987dcb6c9e11b09d5913b96a1a0fd2a8d",
    "/assets/images/Drafts.svg": "6523ad6f10ef888776e5948bbf2e50792ac739e5",
    "/assets/images/Framedropdown.png": "52f40552608a459a6c86a643cfc371b1522d722d",
    "/assets/images/Group 1077.svg": "228c49df3602b7afc50d9df014c879b3616359de",
    "/assets/images/Group 1078.png": "15651f2aac00b2a6868e5ef46201c5d0438c7d71",
    "/assets/images/Group 1078@2x.png": "2d1baee8d52273a569d82fb41f99617ce1910680",
    "/assets/images/Group 1111.svg": "8383e7f7b0e35534f265f8c9c26dd8353d503687",
    "/assets/images/Group 1120.png": "f3d080c2453914dbc0afb1ac11f06f35b890daad",
    "/assets/images/Group 11201.png": "52ee2336257b81e8a8e1473cf0842d70feca8a16",
    "/assets/images/Group 1120@2x.png": "e9806bd1ab2af9a95ed73e3854652ca325de53bd",
    "/assets/images/Group 1160.svg": "0e635774d4e27bdb8622342935d616cd720473d0",
    "/assets/images/Layer 93.svg": "072b94df06b7e1bd18c1ee3169d9c499c12c5a1f",
    "/assets/images/Path 222.png": "09e237c925404a78075a84f0d6bbd0572269115d",
    "/assets/images/Path 222@2x.png": "914ced968a29855d53bd0080c8d2ae8ecb09eec7",
    "/assets/images/Path 229.svg": "96236adada0d6f01b98a495220e005512b34fe83",
    "/assets/images/Path 267.svg": "bc29cee8f7a69eaf1a4ae628fb44f93f095ccdf5",
    "/assets/images/Reports.svg": "e3e953cf30a73b43ce5978cff6ab76ed1d8807f7",
    "/assets/images/Vector.svg": "48bb4d877c2af04055d1090632e122dbabd0c8c3",
    "/assets/images/Vector_delete.svg": "43a97650415aae7c2e3306e13ccdc25a6c12ff88",
    "/assets/images/add_breeder_crop.svg": "9beab01a122cc108a2bb47a5fe98e691e8f7ff25",
    "/assets/images/add_breeder_group.svg": "26a9e53f5eb2c5c83b9d49845ebd4d3575a699cb",
    "/assets/images/add_indentor.svg": "c8a596e1c8df61f13fc5e8a682db952442697a65",
    "/assets/images/arrow.svg": "b2b6c5a0a5e3be28b4db418054496799d05d33b0",
    "/assets/images/bar-code.png": "21b9854c622c7006ece224872b2ef8a3d68a16d4",
    "/assets/images/bell.svg": "887229849f0ebb1e47be56153c0a3cc17e40dc15",
    "/assets/images/bell_orange.svg": "b493dffa4296e22ff4801775038113a8f564da98",
    "/assets/images/boxes_1.svg": "1ba627a828f8edda9907b8fe35ef98189600020e",
    "/assets/images/breederheading.svg": "533ae4b57c638c66fb94da360ee8b4b41af14c79",
    "/assets/images/calendar.svg": "13ced688e0ae236f9193e3dba7ba5483c7de358f",
    "/assets/images/calendar2.svg": "836e5f63593e75229cd6fa7bd03137f0a9b2d305",
    "/assets/images/card-divider.png": "01ce75c0c0eb250c00f3f4e62cd11d23eb81eb02",
    "/assets/images/certificat.png": "c56052b8e810519a5e1a672f3d3b7837e18642e8",
    "/assets/images/character.svg": "e9b4e090586a042ff2d245ff507182826a025864",
    "/assets/images/coffee-bean (1).svg": "90a3fc2804185059a1137168fa411f1e60ac86bb",
    "/assets/images/conference.svg": "4098dee1d40de940b2ae8117e4b24e0b8cf627b5",
    "/assets/images/correct.png": "1af137413b271bb0e2d11c4316f2268cd605fbed",
    "/assets/images/crop.svg": "e7c1a428d662a0f558d52945fe867455ded8f2f8",
    "/assets/images/cropCard.svg": "6373d67f3b887128d19506b8744ab18910757e00",
    "/assets/images/delete.png": "ecd6dd7c2ee7afb605d5c698567c0b430bdef053",
    "/assets/images/delete.svg": "0c6958d98f5539df75e0a001ff9d008c07b8f0b7",
    "/assets/images/download.jpg": "279edb12237d60c5f0bfba93fbc68865cb6e67ab",
    "/assets/images/download.png": "88a65bfccc4afdef7deadae264b9074ca95f893b",
    "/assets/images/draft (1).svg": "549ab52c8e0e58d606f1e7327ca5334afa3610a3",
    "/assets/images/draft.svg": "549ab52c8e0e58d606f1e7327ca5334afa3610a3",
    "/assets/images/edit.svg": "78804133c61a5831bf04968285641444a106c531",
    "/assets/images/farmer (2).png": "24831be60de7a5b0f343397fb42743e2c4995fe7",
    "/assets/images/farmer (2)@2x.png": "c1ff8fad8ec03ef5ce4c8cb5c72c37ba59b83f81",
    "/assets/images/favicon.png": "278c5d3d9a020a31195a54814e3ec3a344d2f27c",
    "/assets/images/harghar-tiranga-logo.png": "eb9c7fc39580e474c69dbf57db511ec54a9194c2",
    "/assets/images/harghar-tiranga-logo@2x.png": "8a404283f7895ca791dabb05b6531f65744a336a",
    "/assets/images/harvest.svg": "261df03817004070366c407b8360bbe0dbf57ce1",
    "/assets/images/harvest_one.svg": "d8dc03fe687ce88e328bcf88742b9441ffaf1275",
    "/assets/images/harvest_orange.svg": "07850cab45f1bfbc0345d48f08154f1d562042bf",
    "/assets/images/identer_Submission_of_Indenter.svg": "6171761ec81aa6f868b8f786cfd1312cc97fca8a",
    "/assets/images/image_icon.png": "1de6775147b9cf916d67eaf0b800c53fbe780cb5",
    "/assets/images/inactive.png": "0d8446ff906d19b901558fc80c1c3ee333889299",
    "/assets/images/indent_2.svg": "f53a9e8d374d19d15a2123f240817b62aa08281d",
    "/assets/images/indent_dashboard.svg": "1da847ba0420fdbde0714e16481c2910375ed9f8",
    "/assets/images/indent_orange.svg": "38088b03c21ced8c391971d026a0515d4174e438",
    "/assets/images/indent_white.svg": "70b51ee337edb8093987b3dc8aa87baaee3bb073",
    "/assets/images/indentor_production.svg": "7c82a5513bfc01d1be727702f04a3799ddd23d1a",
    "/assets/images/indian-gov-logo-2x.png": "54cbd2fd0bbcd657d78a9e7e0bfcafa1912586be",
    "/assets/images/indian-gov-logo.png": "dc0fb21f9bf3cb599f9f9fb03f03d5c331e92322",
    "/assets/images/invoice_logo.png": "ccfd76d15a7310b9d7d271d391b8f86be5a699e7",
    "/assets/images/laoder.transparent.gif": "856bb9ade1f74eace31f4ff84bd02bcf4a9dd066",
    "/assets/images/latitude.png": "8518aa32e24ace54c64c6fdc02462ffc0f0d3242",
    "/assets/images/layer1.svg": "6221f1d6eec23f0dfbb1b042410a79c97cebf327",
    "/assets/images/layer1_production_dashboard_white.svg": "a9b2849b3022a24bf29d0ad4264da32750143d18",
    "/assets/images/layer1_white.svg": "804f5d761f714730cfbb37a00c1b834e2b7f59a3",
    "/assets/images/layer_production.svg": "804f5d761f714730cfbb37a00c1b834e2b7f59a3",
    "/assets/images/layer_production_white.svg": "804f5d761f714730cfbb37a00c1b834e2b7f59a3",
    "/assets/images/left-icar-logo.png": "f660557dc60a669d5a4349cffdc06ad40f0dc20e",
    "/assets/images/list.svg": "b2a857779990e9de48ca38ae7256b83c39514ee4",
    "/assets/images/loader.gif": "e2751d07cd1fbea2ec3651f7df2e2df345502a5e",
    "/assets/images/loader1024.gif": "cfcc2677451e49db6a396f98da02fa5dc93f4ef8",
    "/assets/images/loader200.gif": "6f5fb1952bcc2e372b8cb72b6846e0f2b06124fe",
    "/assets/images/logo-here.png": "0726479f7ddaec9e88a4b694fc736c5800c19b3b",
    "/assets/images/longitude.png": "1633a0d6ae26cad62ef3cf6c9f4c820171d2aec2",
    "/assets/images/main-logo-2x.png": "ae7a180de07750edc057cc38729a0c215d4ff376",
    "/assets/images/main-logo.png": "00f76b495b6f498d3a77c22a01d9771d6667df58",
    "/assets/images/menu.svg": "fca4a21b80e6b57cfcae4c7e9212889d935bae31",
    "/assets/images/microscope.svg": "af9e1c37d8121d2f133a18bb30a79f72c0b4fcef",
    "/assets/images/no_logo.png": "9355d92df398df8b51d9695953b98f5001a21754",
    "/assets/images/pdf.png": "2515995f16eab64de18530a13db3411053580cc1",
    "/assets/images/qr.png": "5cba772e3d7d80bf8bfcfb6b5020548601bd657e",
    "/assets/images/report.svg": "23b2aa489ca0051df533a1ab828e145cbb95c5a1",
    "/assets/images/seed-bag.svg": "bdce4b4f1c65e834159c248ac90db19b8aa4903e",
    "/assets/images/seed_division.svg": "713dc89f4a613b741412fcb2b548beb2d4ad64a7",
    "/assets/images/seed_multi_ratio.svg": "69735ec526502fa39fca0b625475cf557c6d521d",
    "/assets/images/seeding-one.svg": "22067d2071d98ddf80ec6ed90e5e945b4512d65f",
    "/assets/images/seeding.svg": "32a821be0fe24500327b7b1488cef93889645100",
    "/assets/images/seeding_dashboard.svg": "f15ada8e182ab1bdc83a38ca4b74e9ad4f86c596",
    "/assets/images/seeding_white.svg": "269a275abea3f59a9f8cb228d1266d9f6a8ef7d0",
    "/assets/images/size_one.svg": "035537c2cd1c4a5552bcc54a8868dc4476e261e7",
    "/assets/images/sunflower-seed.svg": "19ca2c76d4eeaa7fa73202621d3421cb274406e7",
    "/assets/images/tag.svg": "78237581b793dfeb995fdb3d8e27656a959f305f",
    "/assets/images/user(1).svg": "1f2594007bbf26a61d0d0568727234fcc806a372",
    "/assets/images/user.png": "a1e0cebed3fb52502ceed124e1ce26561acdb2af",
    "/assets/images/view.svg": "df0dcd9e807e0dc7fc24cdd07bd374f09b875eb4",
    "/assets/images/wash.svg": "012ede041edc0d0769ad1c054a2bc714f75d4099",
    "/assets/images/wash_red.svg": "f98c4df41e4e3aee3a86ea16c3937040fae6cb7c",
    "/assets/images/wash_white.svg": "c83d449020f14a5cec100782f8de3b0374899320",
    "/assets/js/JSPrintManager.js": "e5252ea11b1c4871f8c716cc2f1fbb0bd2a4d67b",
    "/assets/js/bootstrap.min.js": "45be8ca0bae7e5b88244b718d4133c6aabd30cd8",
    "/assets/js/jquery.min.js": "ea61688671d0c3044f2c5b2f2c4af0a6620ac6c2",
    "/assets/params/css/fonts.googleapis.css": "38504c7d16d8009645bacad5ad1a0a214c19a2e5",
    "/assets/params/css/fonts.googleapis.min.css": "5581ad4af9bcd2472867f400f4629cdfb8865851",
    "/assets/params/images/channels/cinemax.jpg": "3742d4813fdb455f13135aa9acfe94fc4ceb4085",
    "/assets/params/images/channels/cw.jpg": "dbd9b46167df01019505b7e8b4fc752f64d0d45b",
    "/assets/params/images/channels/discovery-channel.jpg": "6c5a152f98c0a7ddd5ff6e4a7173056116b81c9f",
    "/assets/params/images/channels/disney-channel.jpg": "3d7cb10c2c99fc37df1e00546d3526f94e8a71e4",
    "/assets/params/images/channels/fox.jpg": "ef538f9cc3a8e9c5cf60258ea559ebad4334b512",
    "/assets/params/images/channels/hbo.jpg": "333380c232419c627820cfeb571b16f201afb64f",
    "/assets/params/images/channels/history.jpg": "20d0cff1f5badae6e3d864ab0627f7c7b6139e28",
    "/assets/params/images/channels/hulu.jpg": "8151a777bf3bcb094b18cd59b0806aef5ee10d0b",
    "/assets/params/images/channels/mtv.jpg": "521a406259ac7b2bac4c43b3a816ccf971ae2508",
    "/assets/params/images/channels/nbc.jpg": "10443d0e70262bfc4ec5ebc9953ce8312f8d9249",
    "/assets/params/images/channels/netflix.jpg": "5803634c655352cc76724cf6f3dc5c1a764bd684",
    "/assets/params/images/channels/showtime.jpg": "26502c808cb7db11a160876673342ec604dbce77",
    "/assets/params/images/channels/usa-network.jpg": "6cb5e2374a532b97a08df07cf516bffbfa93a3b8",
    "/assets/params/images/logo/ganatan-logo.png": "2cd77419507b67ed8fef831f64121bceda0ae9f1",
    "/assets/params/images/logo/ganatan-logo@2x.png": "29e4bb0048c3a0c5e35660d7f4ef8a78bcc94170",
    "/assets/params/js/popovers.js": "ae78d5386b13ef78c9683cf6d53e367486924b8e",
    "/assets/params/js/toasts.js": "83b6f4dac94f039598d26c50774646dbb7411912",
    "/assets/params/js/tooltips.js": "9cc1b6d3f6dedc50f210364565aa13d48412ad14",
    "/calendar.b98b9a9a5eab25b1.svg": "13ced688e0ae236f9193e3dba7ba5483c7de358f",
    "/fa-brands-400.86c7e1fa6eef39e5.woff2": "e219af1e3bbc2219359d3d0916e263b279c4abfd",
    "/fa-brands-400.f5defc2e23074ea1.ttf": "fa5745d421c0fc90928626be98e9f8cf7580b327",
    "/fa-regular-400.3edb900415298558.ttf": "9b26d745a1e69b23d71b7ea36d5de1209c997901",
    "/fa-regular-400.e05509127408c2d4.woff2": "f7a09bcbd996fd634045d4e79b6504c945730686",
    "/fa-solid-900.64d5644d62aa832c.woff2": "1979128e8ba1517d85f5e4ee505abf486c51557c",
    "/fa-solid-900.f418d876aec0af1a.ttf": "e3339400ef6214cfa077d003daed2bfa659e2956",
    "/fa-v4compatibility.7e7e1dad5cb38179.ttf": "3fc15c8154f8bd2d7bd1dfe55ae5ab1c33e5e40f",
    "/fa-v4compatibility.9765b558c4e8fd6e.woff2": "37ab2a6a0810d5a6c10a355fe1d7af0042bd6a2a",
    "/favicon.ico": "b03261f7f1a940cc221af641abc6397d13636ecd",
    "/index.html": "be5190c8d15fff073a685519ba898eb606d76e4f",
    "/main.477bf2fadf254767.js": "782706e7f9436f4b1bdd902703844b1bdca3041b",
    "/manifest.webmanifest": "85e05bc91e09e81d4ae86e61a913cd8860b3f7be",
    "/polyfills.1b90408a01823f31.js": "87a69c6693409197c28b764672a77e526f24b0e8",
    "/runtime.1d30ea060b15c605.js": "02ff57cd73e0a7dc135bad594823a996fbbba168",
    "/scripts.46c82a0ef1bb845b.js": "88929667abfa110215d035de7cd04a51f651845b",
    "/styles.cffc5d1efaa198e9.css": "0ec4fe5e8330ca9b6d3d5975cf9787f3d460c5a7"
  },
  "navigationUrls": [
    {
      "positive": true,
      "regex": "^\\/.*$"
    },
    {
      "positive": false,
      "regex": "^\\/(?:.+\\/)?[^/]*\\.[^/]*$"
    },
    {
      "positive": false,
      "regex": "^\\/(?:.+\\/)?[^/]*__[^/]*$"
    },
    {
      "positive": false,
      "regex": "^\\/(?:.+\\/)?[^/]*__[^/]*\\/.*$"
    }
  ],
  "navigationRequestStrategy": "performance"
}